H,I,Phi
0.005013379268348217,0.0034224495757371187,0.0034442413598299026
0.005503559485077858,0.002103449311107397,0.0021316842176020145
0.0060369763523340225,0.0016273217042908072,0.0016621777322143316
0.006659224629402161,0.0014183257007971406,0.001461285981349647
0.0072853825986385345,0.0013256330275908113,0.0013774153776466846
0.008022838272154331,0.0012897681444883347,0.0013528745621442795
0.008843781426548958,0.0012924945913255215,0.0013694448862224817
0.009727004915475845,0.0013220353284850717,0.0014153587399050593
0.010707760229706764,0.00137388426810503,0.0014871987514197826
0.011805390007793903,0.0014475013595074415,0.001585455029271543
0.01296489592641592,0.001539857592433691,0.0017064422136172652
0.01424860768020153,0.0016554668545722961,0.001856873044744134
0.01566796749830246,0.0017925347201526165,0.002036269288510084
0.01721392571926117,0.001954699167981744,0.00224910955876112
0.018924729898571968,0.002146506682038307,0.0025025559589266777
0.02080714888870716,0.0023739261087030172,0.002804545219987631
0.022872887551784515,0.002633655909448862,0.0031542531214654446
0.02512313425540924,0.002938198857009411,0.003566501662135124
0.027591131627559662,0.0032918720971792936,0.004049927927553654
0.030305098742246628,0.003701809560880065,0.004616593010723591
0.03331494331359863,0.004178502596914768,0.005284307524561882
0.03658013045787811,0.004730958491563797,0.0060644447803497314
0.04017120599746704,0.005378276109695435,0.006986749824136496
0.04409337416291237,0.006121011450886726,0.008059259504079819
0.048412419855594635,0.006983237806707621,0.009320180863142014
0.05315907672047615,0.00798465684056282,0.010802746750414371
0.05835748463869095,0.009137531742453575,0.012534205801784992
0.06400217115879059,0.010470747016370296,0.014556799083948135
0.07019121199846268,0.012004045769572258,0.016919128596782684
0.07694229483604431,0.013785445131361485,0.01969209872186184
0.08430099487304688,0.015835054218769073,0.022926248610019684
0.09227512776851654,0.0181810911744833,0.026678035035729408
0.1009693518280983,0.020875176414847374,0.03104960173368454
0.11040369421243668,0.023961685597896576,0.03612725809216499
0.1206180602312088,0.027471449226140976,0.041993334889411926
0.13162033259868622,0.03146887198090553,0.04876205697655678
0.14347892999649048,0.03596878424286842,0.05651986598968506
0.1561872959136963,0.04104263707995415,0.06539703160524368
0.16978298127651215,0.0467291958630085,0.07550983130931854
0.1842796355485916,0.0530410036444664,0.08694818615913391
0.19967035949230194,0.06000223383307457,0.09981188923120499
0.2159065157175064,0.0676220953464508,0.11417167633771896
0.23297618329524994,0.07589688152074814,0.13010065257549286
0.25080791115760803,0.08478882163763046,0.1476106345653534
0.26932933926582336,0.09427297860383987,0.1667192131280899
0.28849855065345764,0.10428877919912338,0.18741832673549652
0.3081725835800171,0.11473213881254196,0.20959046483039856
0.32824525237083435,0.1255352795124054,0.23315764963626862
0.34867045283317566,0.13657905161380768,0.25801676511764526
0.36922141909599304,0.14775490760803223,0.2839350402355194
0.3898305892944336,0.15896549820899963,0.3107781708240509
0.4103544056415558,0.17007826268672943,0.338302880525589
0.430673211812973,0.181002676486969,0.36630529165267944
0.4506627023220062,0.1916237324476242,0.3945334851741791
0.4702204167842865,0.20187178254127502,0.42278188467025757
0.4892580807209015,0.21164771914482117,0.45081451535224915
0.5076584815979004,0.22084364295005798,0.4783450663089752
0.525381326675415,0.22943951189517975,0.5052410364151001
0.5423325896263123,0.23736974596977234,0.5312625765800476
0.5584908127784729,0.24458500742912292,0.5562581419944763
0.573813259601593,0.25108444690704346,0.5801008939743042
0.588333249092102,0.25682422518730164,0.6027093529701233
0.6020126342773438,0.2618311643600464,0.6239947080612183
0.6148351430892944,0.26611173152923584,0.6438741087913513
0.6268959641456604,0.2696682810783386,0.6624033451080322
0.6381886601448059,0.27256789803504944,0.6795864701271057
0.6487748622894287,0.27481991052627563,0.695460319519043
0.6586880087852478,0.2764725685119629,0.7100725173950195
0.6679887771606445,0.27758127450942993,0.7235192656517029
0.6766714453697205,0.2781578302383423,0.7357704043388367
0.6848706603050232,0.27831795811653137,0.7470939755439758
0.6926184892654419,0.2780672013759613,0.7575159668922424
0.6998973488807678,0.2774142622947693,0.7669995427131653
0.7068014144897461,0.2764778435230255,0.7757760882377625
0.7133457660675049,0.27529099583625793,0.7838843464851379
0.7195701599121094,0.2739047706127167,0.7914184331893921
0.7255290150642395,0.2723589241504669,0.7984853386878967
0.7312429547309875,0.27072227001190186,0.8051741719245911
0.7366722226142883,0.2689986824989319,0.8114220499992371
0.7419123649597168,0.2672487795352936,0.8174217939376831
0.7469093203544617,0.26546138525009155,0.8230757117271423
0.7516962289810181,0.2637169063091278,0.8285065293312073
0.7562307715415955,0.26199376583099365,0.833622932434082
0.7605164051055908,0.26030850410461426,0.8384394645690918
0.7645962238311768,0.2586626708507538,0.8430174589157104
0.7684398889541626,0.2570057213306427,0.8472546339035034
0.7720435261726379,0.2552955150604248,0.8510974049568176
0.7754806280136108,0.25359922647476196,0.8547216653823853
0.7786889672279358,0.25189444422721863,0.8580049276351929
0.7816510200500488,0.2500968873500824,0.8608310222625732
0.7844743132591248,0.24828040599822998,0.8634378910064697
0.7871249914169312,0.24636149406433105,0.8656867146492004
0.7896485328674316,0.24439969658851624,0.8677058219909668
0.7920682430267334,0.24238356947898865,0.8695188760757446
0.7943762540817261,0.24032989144325256,0.8711288571357727
0.7966058850288391,0.238186776638031,0.872535228729248
0.7987474203109741,0.2360469400882721,0.873813807964325
0.8008571863174438,0.23386250436306,0.8750063180923462
0.8029448986053467,0.23163267970085144,0.8761270046234131
0.8049907088279724,0.2293992042541504,0.8771852254867554
0.8070133924484253,0.22709111869335175,0.8781399130821228
0.8090187311172485,0.22479817271232605,0.8790899515151978
0.8109734654426575,0.22249619662761688,0.8799567818641663
0.8129094243049622,0.22018325328826904,0.8807899951934814
0.814889132976532,0.21783001720905304,0.881661593914032
0.816830575466156,0.21546663343906403,0.8824683427810669
0.8187267780303955,0.2131033092737198,0.8832088112831116
0.8206337094306946,0.2107432335615158,0.8839771151542664
0.8225449323654175,0.20833918452262878,0.8847159147262573
0.8244348764419556,0.2059575617313385,0.8854495286941528
0.8263356685638428,0.20354266464710236,0.8861745595932007
0.8282394409179688,0.20112547278404236,0.8869096040725708
0.8301526308059692,0.19869761168956757,0.8876568675041199
0.8320398330688477,0.19628097116947174,0.8883795738220215
0.8339580297470093,0.19385024905204773,0.8891469240188599
0.8358813524246216,0.19141265749931335,0.8899232745170593
0.8377803564071655,0.18897923827171326,0.8906705379486084
0.8396420478820801,0.1865478903055191,0.8913644552230835
0.8415384292602539,0.18407990038394928,0.8920870423316956
0.8434154987335205,0.1816050410270691,0.8927774429321289
0.8453137278556824,0.17911890149116516,0.8934991955757141
0.8472042083740234,0.1766195148229599,0.8942019939422607
0.8491053581237793,0.174157977104187,0.8949676752090454
0.8509882688522339,0.17166787385940552,0.8956813216209412
0.8528623580932617,0.16916143894195557,0.8963704705238342
0.8547168970108032,0.16666321456432343,0.8970414400100708
0.8566182255744934,0.16415449976921082,0.8977890014648438
0.8585207462310791,0.1616448163986206,0.8985449075698853
0.860432505607605,0.15911930799484253,0.8993079662322998
0.8623718023300171,0.15658025443553925,0.900112509727478
0.8642513155937195,0.154058039188385,0.9008378982543945
0.8661429286003113,0.15152540802955627,0.9015809893608093
0.8680514097213745,0.14900071918964386,0.902368426322937
0.8699343800544739,0.14647558331489563,0.903118371963501
0.8718172907829285,0.14394314587116241,0.9038679599761963
0.8737254738807678,0.14140218496322632,0.9046603441238403
0.875630795955658,0.13884460926055908,0.9054383039474487
0.8775681257247925,0.13627004623413086,0.9062626957893372
0.8795026540756226,0.13369333744049072,0.9070876836776733
0.8813982605934143,0.1311262995004654,0.9078609943389893
0.8833236694335938,0.12855282425880432,0.9086880087852478
0.8852064609527588,0.1259666234254837,0.9094340801239014
0.8871040344238281,0.1233975887298584,0.9102305173873901
0.8889974355697632,0.12080180644989014,0.9110002517700195
0.8909153938293457,0.11820857971906662,0.9118234515190125
0.892838180065155,0.11561847478151321,0.9126655459403992
0.89476478099823,0.11301352828741074,0.9135071039199829
0.896685004234314,0.11039474606513977,0.914330780506134
0.8986220359802246,0.10777492076158524,0.9151914119720459
0.900556206703186,0.10517321527004242,0.916071891784668
0.9024553298950195,0.1025470569729805,0.9168726205825806
0.9044033288955688,0.09993588924407959,0.9177836775779724
0.9063550233840942,0.09730353206396103,0.9186880588531494
0.9083234071731567,0.09467648714780807,0.9196354150772095
0.9102960824966431,0.09202872961759567,0.9205776453018188
0.9122238159179688,0.08938087522983551,0.9214459657669067
0.9141747951507568,0.08673540502786636,0.922366201877594
0.9161556959152222,0.08407860994338989,0.9233376979827881
0.9181527495384216,0.08141515403985977,0.9243400692939758
0.9201167821884155,0.07875684648752213,0.925294816493988
0.922123372554779,0.0760943740606308,0.926331639289856
0.9241202473640442,0.07343371212482452,0.9273602366447449
0.9260857105255127,0.07075420022010803,0.9283197522163391
0.9280802011489868,0.06808729469776154,0.9293537735939026
0.9300745725631714,0.06542418897151947,0.9303990602493286
0.9321292638778687,0.06275501102209091,0.9315586090087891
0.9341582655906677,0.06009348854422569,0.9326865673065186
0.9361840486526489,0.057424187660217285,0.9338086843490601
0.9382225275039673,0.05476246774196625,0.9349705576896667
0.9402488470077515,0.05211503058671951,0.9361321330070496
0.9423091411590576,0.04947543144226074,0.9373737573623657
0.9443433284759521,0.0468335784971714,0.9385722279548645
0.9464016556739807,0.04420249164104462,0.9398354291915894
0.9484955072402954,0.04157792404294014,0.9411810636520386
0.9505699872970581,0.038954656571149826,0.9424997568130493
0.9526810646057129,0.03634495660662651,0.9439105987548828
0.9548211097717285,0.03375973179936409,0.9454100728034973
0.956950306892395,0.03118959069252014,0.9469128847122192
0.9590977430343628,0.02865798957645893,0.9484986066818237
0.9612348079681396,0.026161393150687218,0.9501081705093384
0.9633810520172119,0.02369428053498268,0.9517741203308105
0.9655595421791077,0.02129235304892063,0.9535766839981079
0.9677200317382812,0.018940819427371025,0.9554044604301453
0.9699147939682007,0.016662482172250748,0.9573808908462524
0.9721008539199829,0.014479846693575382,0.9594457745552063
0.9742598533630371,0.012404557317495346,0.9615747332572937
0.9764165878295898,0.010454718954861164,0.9638338685035706
0.9785686135292053,0.00865436252206564,0.9662423729896545
0.9806810617446899,0.007022022735327482,0.9687504768371582
0.9827281832695007,0.005564854945987463,0.9713141322135925
0.9847446084022522,0.004303466994315386,0.9740211367607117
0.9866220951080322,0.0032375496812164783,0.9766577482223511
0.9883810877799988,0.00236802501603961,0.9792630076408386
0.9900344610214233,0.0016891342820599675,0.9818556904792786
0.991548478603363,0.0011706127552315593,0.9843378067016602
0.9928880929946899,0.0007914581801742315,0.9866174459457397
0.99407559633255,0.0005226930952630937,0.9887084364891052
0.9951176643371582,0.00033832373446784914,0.9905973672866821
0.9959886074066162,0.00021571309480350465,0.99220871925354
0.9967324733734131,0.0001360882306471467,0.9936116337776184
0.9973394870758057,8.489161700708792e-05,0.9947708249092102
0.997864842414856,5.254450661595911e-05,0.9957866668701172
0.9982707500457764,3.250907684559934e-05,0.9965767860412598
0.9986169338226318,2.031301482929848e-05,0.9972561597824097
0.9988764524459839,1.2514293302956503e-05,0.9977666735649109
0.9991183280944824,7.731703590252437e-06,0.998245120048523
0.9992743134498596,4.840568180952687e-06,0.9985538721084595
0.9994153380393982,3.174291123286821e-06,0.9988341331481934
0.9995055198669434,2.052466925306362e-06,0.9990134835243225
0.9996169209480286,1.3866131212125765e-06,0.9992355108261108
0.9996598958969116,9.8974908269156e-07,0.999320924282074
0.9997273683547974,7.439113005602849e-07,0.999455451965332
0.9997895956039429,5.751073217652447e-07,0.9995797872543335
0.9998198747634888,5.014130692870822e-07,0.9996402263641357
0.9998529553413391,4.0527964983994025e-07,0.9997062683105469
0.9998899698257446,3.6710309814225184e-07,0.9997801184654236
0.9999198913574219,3.5030652156819997e-07,0.9998403191566467
0.9999682903289795,3.293069141818705e-07,0.9999369382858276
0.9999583959579468,3.299571460502193e-07,0.9999171495437622
0.9999648332595825,3.333184110942966e-07,0.9999299049377441
0.9999828338623047,2.935507268375659e-07,0.9999657869338989
0.9999979734420776,3.2461358046020905e-07,0.9999963045120239
0.9999889731407166,2.882812850657501e-07,0.9999783039093018
0.9999945759773254,3.1258576882464695e-07,0.99998939037323
0.9999856948852539,3.325078239413415e-07,0.9999717473983765
0.999984860420227,3.233290044590831e-07,0.9999700784683228
0.9999946355819702,3.003727329087269e-07,0.9999897480010986
1.000006914138794,2.908251133248996e-07,1.000014305114746
0.9999922513961792,2.879124849641812e-07,0.9999849796295166
0.999988853931427,3.09218847860393e-07,0.9999778866767883
0.9999653100967407,2.935076395260694e-07,0.9999309182167053
0.9999670386314392,3.0880141821398865e-07,0.9999343156814575
0.9999926090240479,3.1345101092483674e-07,0.9999855756759644
0.9999920129776001,3.3117112252512015e-07,0.9999844431877136
0.9999859929084778,3.1398570854435093e-07,0.9999723434448242
1.0000042915344238,2.953943578631879e-07,1.0000087022781372
1.0000016689300537,2.9992489203323203e-07,1.0000035762786865
1.0000079870224,3.074759149512829e-07,1.000016450881958
1.000015139579773,3.0433716347033624e-07,1.0000303983688354
1.0000152587890625,3.145864013731625e-07,1.0000308752059937
1.0000224113464355,3.136588588859013e-07,1.0000450611114502
1.0000226497650146,3.0427111141762e-07,1.000045657157898
1.00004243850708,2.9736429496551864e-07,1.0000851154327393
1.0000286102294922,3.2249849368781724e-07,1.000057339668274
1.0000258684158325,3.0330534173117485e-07,1.0000519752502441
1.0000238418579102,2.844639084287337e-07,1.0000481605529785
1.00001859664917,3.0509914950016537e-07,1.000037431716919
1.0000146627426147,2.9429676828840456e-07,1.0000295639038086
1.0000282526016235,3.135514816676732e-07,1.0000568628311157
1.0000414848327637,3.0833840014565794e-07,1.0000832080841064
1.0000556707382202,2.916721655310539e-07,1.000111699104309
1.0000357627868652,2.676241876997665e-07,1.00007164478302
1.0000460147857666,2.868030719582748e-07,1.0000925064086914
1.0000591278076172,2.9774207632726757e-07,1.0001188516616821
1.0000653266906738,2.9286172775755404e-07,1.0001307725906372
1.0000739097595215,3.0158560093695996e-07,1.0001479387283325
1.0000892877578735,2.825442777520948e-07,1.0001788139343262
1.0000650882720947,2.782710168958147e-07,1.000130295753479
1.0000475645065308,2.7200098884350155e-07,1.000095248222351
1.0000035762786865,2.754373724656034e-07,1.0000072717666626
0.9999945759773254,2.7589592832555354e-07,0.9999894499778748
0.9999992847442627,3.035284237284941e-07,0.9999988079071045
1.0000046491622925,2.9675322821276495e-07,1.0000094175338745
1.0000019073486328,2.987920879604644e-07,1.0000040531158447
1.000006079673767,2.8412145525180676e-07,1.0000122785568237
1.0000253915786743,3.1471739703192725e-07,1.0000510215759277
1.0000590085983276,3.0453611543634906e-07,1.0001182556152344
1.0000615119934082,3.04991289112877e-07,1.000123143196106
1.000041127204895,2.995725196797139e-07,1.0000827312469482
1.000030755996704,2.941249022114789e-07,1.0000617504119873
1.0000067949295044,3.1713926773591083e-07,1.000014066696167
0.9999902248382568,3.0360394021045067e-07,0.9999806880950928
0.9999982118606567,3.1250763754542277e-07,0.9999967217445374
1.0000042915344238,2.869719537557103e-07,1.0000088214874268
0.9999933242797852,2.858644450043357e-07,0.9999868869781494
0.9999771118164062,2.8414834218892793e-07,0.9999545216560364
0.9999762773513794,2.8736988610944536e-07,0.9999527931213379
0.999984085559845,3.066037379539921e-07,0.999968409538269
0.999983549118042,2.964301017982507e-07,0.9999673366546631
0.9999862313270569,3.200229059530102e-07,0.9999727010726929
0.9999766945838928,3.2037704045251303e-07,0.9999536871910095
0.9999861121177673,3.1898869679025665e-07,0.9999725222587585
0.9999777674674988,2.8480627634053235e-07,0.9999558925628662
0.9999669194221497,2.938060106316698e-07,0.9999342560768127
0.9999816417694092,3.2023982043938304e-07,0.9999637007713318
0.9999809265136719,3.265400607688207e-07,0.9999621510505676
0.9999719262123108,3.3461407156210043e-07,0.9999441504478455
0.9999872446060181,2.948312101125339e-07,0.9999746084213257
0.9999930262565613,2.8266546792110603e-07,0.999986469745636
0.9999988675117493,2.9231134135443426e-07,0.999998152256012
1.0000135898590088,3.003266328960308e-07,1.0000275373458862
0.9999973773956299,3.095022975685424e-07,0.9999951124191284
1.000012993812561,2.858492962332093e-07,1.0000263452529907
1.000013828277588,2.9010101343374117e-07,1.0000278949737549
1.0000137090682983,3.206790495369205e-07,1.0000277757644653
1.000022053718567,2.949740860458405e-07,1.000044345855713
1.0000262260437012,3.075682570852223e-07,1.0000529289245605
1.0000184774398804,2.982520470595773e-07,1.0000373125076294
1.0000271797180176,2.709601574224507e-07,1.0000545978546143
1.000046730041504,3.04340119328117e-07,1.000093698501587
